{"cameraMode":{"drawMode":0,"name":"Shaded","section":"Shading Mode"},"sceneLighting":true,"audioPlay":false,"sceneViewState":{"m_AlwaysRefresh":false,"showFog":true,"showSkybox":true,"showFlares":true,"showImageEffects":true,"showParticleSystems":true,"showVisualEffectGraphs":true,"m_FxEnabled":true},"in2DMode":false,"pivot":{"x":31.500354766845704,"y":1.0648307800292969,"z":0.8271408081054688},"rotation":{"x":0.07608595490455628,"y":-0.9231310486793518,"z":0.2855580151081085,"w":0.24596573412418366},"size":15.061125755310059,"orthographic":false}